--
-- PostgreSQL database dump
--

\restrict gWk3ckTtlNv72qx93Qlo4e1ItatiMcVtDXFHlVPfcqMe2HTWQzfhNKaOfpQkWV1

-- Dumped from database version 18.1
-- Dumped by pg_dump version 18.1

-- Started on 2026-02-26 14:26:30

SET statement_timeout = 0;
SET lock_timeout = 0;
SET idle_in_transaction_session_timeout = 0;
SET transaction_timeout = 0;
SET client_encoding = 'UTF8';
SET standard_conforming_strings = on;
SELECT pg_catalog.set_config('search_path', '', false);
SET check_function_bodies = false;
SET xmloption = content;
SET client_min_messages = warning;
SET row_security = off;

SET default_tablespace = '';

SET default_table_access_method = heap;

--
-- TOC entry 220 (class 1259 OID 16390)
-- Name: applications; Type: TABLE; Schema: public; Owner: postgres
--

CREATE TABLE public.applications (
    id bigint NOT NULL,
    applied_at timestamp(6) without time zone NOT NULL,
    cover_letter character varying(2000),
    cv_url character varying(255),
    notes character varying(1000),
    reviewed_at timestamp(6) without time zone,
    status character varying(255) NOT NULL,
    internship_id bigint NOT NULL,
    student_id bigint NOT NULL,
    CONSTRAINT applications_status_check CHECK (((status)::text = ANY ((ARRAY['PENDING'::character varying, 'REVIEWED'::character varying, 'ACCEPTED'::character varying, 'REJECTED'::character varying, 'WITHDRAWN'::character varying])::text[])))
);


ALTER TABLE public.applications OWNER TO postgres;

--
-- TOC entry 219 (class 1259 OID 16389)
-- Name: applications_id_seq; Type: SEQUENCE; Schema: public; Owner: postgres
--

ALTER TABLE public.applications ALTER COLUMN id ADD GENERATED BY DEFAULT AS IDENTITY (
    SEQUENCE NAME public.applications_id_seq
    START WITH 1
    INCREMENT BY 1
    NO MINVALUE
    NO MAXVALUE
    CACHE 1
);


--
-- TOC entry 221 (class 1259 OID 16403)
-- Name: companies; Type: TABLE; Schema: public; Owner: postgres
--

CREATE TABLE public.companies (
    address character varying(500) NOT NULL,
    company_name character varying(255) NOT NULL,
    contact_person character varying(200) NOT NULL,
    description character varying(2000),
    industry character varying(500),
    phone_number character varying(20) NOT NULL,
    pib character varying(9) NOT NULL,
    website character varying(500),
    id bigint NOT NULL
);


ALTER TABLE public.companies OWNER TO postgres;

--
-- TOC entry 222 (class 1259 OID 16416)
-- Name: faculties; Type: TABLE; Schema: public; Owner: postgres
--

CREATE TABLE public.faculties (
    faculty_name character varying(255) NOT NULL,
    id bigint NOT NULL
);


ALTER TABLE public.faculties OWNER TO postgres;

--
-- TOC entry 224 (class 1259 OID 16424)
-- Name: internships; Type: TABLE; Schema: public; Owner: postgres
--

CREATE TABLE public.internships (
    id bigint NOT NULL,
    available_positions integer NOT NULL,
    category character varying(100),
    created_at timestamp(6) without time zone NOT NULL,
    deadline date,
    description character varying(3000) NOT NULL,
    duration_weeks integer,
    end_date date NOT NULL,
    filled_positions integer,
    is_paid boolean,
    is_remote boolean,
    location character varying(255),
    requirements character varying(2000),
    responsibilities character varying(2000),
    salary double precision,
    skills character varying(500),
    start_date date NOT NULL,
    title character varying(255) NOT NULL,
    updated_at timestamp(6) without time zone,
    company_id bigint NOT NULL,
    status character varying(255) DEFAULT 'PENDING'::character varying NOT NULL
);


ALTER TABLE public.internships OWNER TO postgres;

--
-- TOC entry 223 (class 1259 OID 16423)
-- Name: internships_id_seq; Type: SEQUENCE; Schema: public; Owner: postgres
--

ALTER TABLE public.internships ALTER COLUMN id ADD GENERATED BY DEFAULT AS IDENTITY (
    SEQUENCE NAME public.internships_id_seq
    START WITH 1
    INCREMENT BY 1
    NO MINVALUE
    NO MAXVALUE
    CACHE 1
);


--
-- TOC entry 228 (class 1259 OID 32768)
-- Name: student_document; Type: TABLE; Schema: public; Owner: postgres
--

CREATE TABLE public.student_document (
    id bigint NOT NULL,
    content_type character varying(255),
    file_name character varying(255),
    file_path character varying(255),
    type character varying(255),
    uploaded_at timestamp(6) without time zone,
    student_id bigint,
    CONSTRAINT student_document_type_check CHECK (((type)::text = ANY ((ARRAY['CV'::character varying, 'DIARY'::character varying])::text[])))
);


ALTER TABLE public.student_document OWNER TO postgres;

--
-- TOC entry 229 (class 1259 OID 32779)
-- Name: student_document_seq; Type: SEQUENCE; Schema: public; Owner: postgres
--

CREATE SEQUENCE public.student_document_seq
    START WITH 1
    INCREMENT BY 50
    NO MINVALUE
    NO MAXVALUE
    CACHE 1;


ALTER SEQUENCE public.student_document_seq OWNER TO postgres;

--
-- TOC entry 225 (class 1259 OID 16439)
-- Name: students; Type: TABLE; Schema: public; Owner: postgres
--

CREATE TABLE public.students (
    bio character varying(500),
    cv_file_name character varying(500),
    cv_file_path character varying(500),
    cv_upload_date timestamp(6) without time zone,
    first_name character varying(100) NOT NULL,
    gpa double precision,
    index_number character varying(50) NOT NULL,
    last_name character varying(100) NOT NULL,
    phone_number character varying(20),
    skills character varying(1000),
    study_year character varying(50),
    id bigint NOT NULL
);


ALTER TABLE public.students OWNER TO postgres;

--
-- TOC entry 227 (class 1259 OID 16451)
-- Name: users; Type: TABLE; Schema: public; Owner: postgres
--

CREATE TABLE public.users (
    id bigint NOT NULL,
    created_at timestamp(6) without time zone,
    email character varying(255) NOT NULL,
    password character varying(255) NOT NULL,
    role character varying(255) NOT NULL,
    CONSTRAINT users_role_check CHECK (((role)::text = ANY ((ARRAY['STUDENT'::character varying, 'COMPANY'::character varying, 'FACULTY'::character varying])::text[])))
);


ALTER TABLE public.users OWNER TO postgres;

--
-- TOC entry 226 (class 1259 OID 16450)
-- Name: users_id_seq; Type: SEQUENCE; Schema: public; Owner: postgres
--

ALTER TABLE public.users ALTER COLUMN id ADD GENERATED BY DEFAULT AS IDENTITY (
    SEQUENCE NAME public.users_id_seq
    START WITH 1
    INCREMENT BY 1
    NO MINVALUE
    NO MAXVALUE
    CACHE 1
);


--
-- TOC entry 4965 (class 0 OID 16390)
-- Dependencies: 220
-- Data for Name: applications; Type: TABLE DATA; Schema: public; Owner: postgres
--

COPY public.applications (id, applied_at, cover_letter, cv_url, notes, reviewed_at, status, internship_id, student_id) FROM stdin;
5	2025-12-06 07:00:59.269265	\N	\N	\N	\N	PENDING	3	5
1	2025-12-02 22:27:25.374494	Zainteresovan sam za ovu poziciju jer zelim da produbim svoje znanje Spring Boot-a.	https://example.com/cv/petar-petrovic.pdf	\N	\N	ACCEPTED	2	4
2	2025-12-02 22:27:25.379511	Veoma sam motivisana da radim na React projektima i učim od iskusnih mentora.	\N	\N	\N	ACCEPTED	1	5
3	2025-12-06 06:59:33.244738	\N	\N	\N	\N	REJECTED	2	5
\.


--
-- TOC entry 4966 (class 0 OID 16403)
-- Dependencies: 221
-- Data for Name: companies; Type: TABLE DATA; Schema: public; Owner: postgres
--

COPY public.companies (address, company_name, contact_person, description, industry, phone_number, pib, website, id) FROM stdin;
Knez Mihailova 15, Beograd 11000	Tech Solutions doo	Marko Marković	Vodeca IT kompanija u Srbiji specijalizovana za razvoj web i mobilnih aplikacija.	IT	+381641234567	123456789	https://techsolutions.rs	2
Bulevar Oslobodjenja 23, Novi Sad 21000	Digital Innovations	Ana Anić	Inovativna kompanija fokusirana na cloud i AI resenja.	Software Development	+381659876543	987654321	https://digitalinnovations.com	3
\.


--
-- TOC entry 4967 (class 0 OID 16416)
-- Dependencies: 222
-- Data for Name: faculties; Type: TABLE DATA; Schema: public; Owner: postgres
--

COPY public.faculties (faculty_name, id) FROM stdin;
FON	1
\.


--
-- TOC entry 4969 (class 0 OID 16424)
-- Dependencies: 224
-- Data for Name: internships; Type: TABLE DATA; Schema: public; Owner: postgres
--

COPY public.internships (id, available_positions, category, created_at, deadline, description, duration_weeks, end_date, filled_positions, is_paid, is_remote, location, requirements, responsibilities, salary, skills, start_date, title, updated_at, company_id, status) FROM stdin;
4	1	DevOps	2025-12-02 22:27:25.368503	2025-02-20	Upoznavanje sa CI/CD pipeline-ovima, Docker, Kubernetes i cloud tehnologijama. Rad u DevOps timu na automatizaciji deployment procesa.	20	2025-08-01	0	f	f	Novi Sad	Linux osnove, interes za automatizaciju, osnove bash scripting-a.	Održavanje CI/CD pipeline-a, Docker kontejnerizacija, monitoring sistema.	\N	Linux, Docker, CI/CD, Bash	2025-03-01	DevOps Internship	2026-01-17 03:13:56.273368	3	PENDING
3	2	Full Stack Development	2025-12-02 22:27:25.364498	2025-02-01	Rad na kompletnom tech stack-u - od frontend-a do backend-a. Praktično iskustvo sa agilnim razvojem. Fleksibilno radno vreme i mogućnost remote rada.	12	2025-05-15	0	t	t	Novi Sad (Remote moguće)	JavaScript/TypeScript, osnove Node.js i React. Poznavanje SQL baza podataka.	Razvoj full-stack aplikacija, API integracije, deployment, code review.	40000	JavaScript, TypeScript, Node.js, React, SQL	2025-02-15	Full Stack Developer Internship	2025-12-25 20:57:34.464317	3	APPROVED
2	2	Backend Development	2025-12-02 22:27:25.359497	2025-02-15	Učenje Spring Boot framework-a i razvoj REST API-ja. Rad sa bazama podataka i mikroservisnom arhitekturom. Mentorstvo i pair programming sa senior developerima.	12	2025-06-01	0	t	f	Beograd	Java osnove, OOP principi, SQL. Poznavanje Spring-a je plus.	Razvoj REST API-ja, rad sa bazama podataka, pisanje unit testova, dokumentacija.	35000	Java, Spring Boot, SQL, REST API	2025-03-01	Backend Java Developer	2026-01-21 15:17:14.550683	2	APPROVED
8	10	\N	2026-01-17 01:48:40.501392	\N	blablablabla DATA SCIENCE	3	2026-01-30	0	t	f	City	blablabla	blablabla	3000	njanjanja	2026-01-17	Data science	2026-01-20 12:51:28.357246	2	APPROVED
5	10	Backend De	2026-01-17 01:39:49.289965	\N	blablablabla DATA SCIENCE	3	2026-01-31	0	t	f	City	blablabla	blablabla	3000	njanjanja	2026-01-17	Data science	2026-01-17 03:13:57.180705	2	REJECTED
11	10	Backend Development	2026-01-20 12:08:06.111921	\N	Join our team as a Java Intern and gain hands-on experience building and maintaining backend applications using Java and Spring Boot. You will work with databases, REST APIs, and modern development tools while learning best practices in software development under the guidance of experienced engineers	3	2026-02-13	0	f	f	Belgrade	Java syntax and standard library, Fundamental knowledge of relational databases, Fundamental knowledge of data structures, OOP	Plan, structure, and implement small to medium-sized web projects and APIs	\N	Spring Boot, React, Git	2026-01-20	Java Internship	2026-01-20 12:51:24.602266	2	APPROVED
10	13	\N	2026-01-17 01:51:52.82764	\N	asdasd	55	2026-01-29	0	t	f	City	asdsad	asdasd	300	asdasd	2026-01-17	asdassa	2026-01-20 14:41:46.448916	2	REJECTED
9	13	\N	2026-01-17 01:50:59.334841	\N	asdasd	55	2026-01-29	0	t	f	City	asdsad	asdasd	300	asdasd	2026-01-17	asdassa	2026-01-20 14:41:55.26882	2	REJECTED
7	10	\N	2026-01-17 01:47:19.706753	\N	blablablabla DATA SCIENCE	3	2026-01-31	0	t	f	City	blablabla	blablabla	3000	njanjanja	2026-01-17	Data science	2026-01-20 14:41:57.838476	2	REJECTED
6	10	\N	2026-01-17 01:46:30.463197	\N	blablablabla DATA SCIENCE	3	2026-01-31	0	t	f	City	blablabla	blablabla	3000	njanjanja	2026-01-17	Data science	2026-01-21 15:13:23.079463	2	APPROVED
12	10	\N	2026-01-20 12:08:44.858477	\N		3	2026-02-13	0	f	f	Belgrade	Java syntax and standard library, Fundamental knowledge of relational databases, Fundamental knowledge of data structures, OOP	Plan, structure, and implement small to medium-sized web projects and APIs	\N	Spring Boot, React, Git	2026-01-20	Java Internship	2026-01-21 15:15:18.908734	2	APPROVED
1	3	Web Development	2025-12-02 22:27:25.350496	2025-01-15	Razvoj modernih web aplikacija koristeći React i TypeScript. Rad na realnim projektima uz mentorstvo iskusnih developera. Učenje best practices, Agile metodologije i rad u timu.	12	2025-05-01	0	t	f	Beograd	Osnovno znanje JavaScript, HTML, CSS. Poznavanje React je plus. Motivisanost za učenje.	Razvoj UI komponenti, integracija sa REST API-jima, pisanje testova, code review.	30000	React, JavaScript, TypeScript, HTML, CSS	2025-02-01	Frontend Developer Internship	2025-12-25 20:57:32.208671	2	PENDING
\.


--
-- TOC entry 4973 (class 0 OID 32768)
-- Dependencies: 228
-- Data for Name: student_document; Type: TABLE DATA; Schema: public; Owner: postgres
--

COPY public.student_document (id, content_type, file_name, file_path, type, uploaded_at, student_id) FROM stdin;
\.


--
-- TOC entry 4970 (class 0 OID 16439)
-- Dependencies: 225
-- Data for Name: students; Type: TABLE DATA; Schema: public; Owner: postgres
--

COPY public.students (bio, cv_file_name, cv_file_path, cv_upload_date, first_name, gpa, index_number, last_name, phone_number, skills, study_year, id) FROM stdin;
Student softverskog inzenjerstva sa strašću za web development.	\N	\N	\N	Petar	9.2	2020/0001	Petrović	+381641111111	Java, Spring Boot, React, JavaScript, SQL	3	4
Zainteresovana za frontend development i UI/UX dizajn.	DRAGOMIR_VLACIC_2019_0414.pdf	/DRAGOMIR_VLACIC_2019_0414.pdf	2025-12-02 22:31:33.484214	Marija	8.7	2021/0042	Jovanović	+381652222222	HTML, CSS, JavaScript, React, Figma	2	5
\.


--
-- TOC entry 4972 (class 0 OID 16451)
-- Dependencies: 227
-- Data for Name: users; Type: TABLE DATA; Schema: public; Owner: postgres
--

COPY public.users (id, created_at, email, password, role) FROM stdin;
1	2025-12-02 22:27:25.016488	admin@faculty.com	$2a$10$/cqfN5p6GwFFvEIDIh2Do.Bqbxmmgw34ZGkX1xfVhjm4QlM6F8fd.	FACULTY
2	2025-12-02 22:27:25.128518	techsolutions@example.com	$2a$10$R2tzPWDgMGabDW6tmmNTMOACc3XhYqQ/fZDmTWNoNYgXWsqum18I2	COMPANY
3	2025-12-02 22:27:25.213519	digitalinnovations@example.com	$2a$10$oXTnV.H8Ch8Kl7YraLkK5OnxgjeRe7CnV92h3A1iQfu/0Ia5lBsca	COMPANY
4	2025-12-02 22:27:25.27951	kukic.aleksandar@gmail.com	$2a$10$CQphdmOoGobX5a3tu.oyg.WQRz1VCJ1al5RUOGOl1DJyK7KidPL2.	STUDENT
5	2025-12-02 22:27:25.342491	marija.jovanovic@student.ftn.uns.ac.rs	$2a$10$YDT2fnUcKTkKKl8GYQnIteGRnz7TmCkOkYtIt8Y1a9E8zdERmkCO2	STUDENT
\.


--
-- TOC entry 4980 (class 0 OID 0)
-- Dependencies: 219
-- Name: applications_id_seq; Type: SEQUENCE SET; Schema: public; Owner: postgres
--

SELECT pg_catalog.setval('public.applications_id_seq', 5, true);


--
-- TOC entry 4981 (class 0 OID 0)
-- Dependencies: 223
-- Name: internships_id_seq; Type: SEQUENCE SET; Schema: public; Owner: postgres
--

SELECT pg_catalog.setval('public.internships_id_seq', 15, true);


--
-- TOC entry 4982 (class 0 OID 0)
-- Dependencies: 229
-- Name: student_document_seq; Type: SEQUENCE SET; Schema: public; Owner: postgres
--

SELECT pg_catalog.setval('public.student_document_seq', 1, true);


--
-- TOC entry 4983 (class 0 OID 0)
-- Dependencies: 226
-- Name: users_id_seq; Type: SEQUENCE SET; Schema: public; Owner: postgres
--

SELECT pg_catalog.setval('public.users_id_seq', 7, true);


--
-- TOC entry 4787 (class 2606 OID 16402)
-- Name: applications applications_pkey; Type: CONSTRAINT; Schema: public; Owner: postgres
--

ALTER TABLE ONLY public.applications
    ADD CONSTRAINT applications_pkey PRIMARY KEY (id);


--
-- TOC entry 4791 (class 2606 OID 16415)
-- Name: companies companies_pkey; Type: CONSTRAINT; Schema: public; Owner: postgres
--

ALTER TABLE ONLY public.companies
    ADD CONSTRAINT companies_pkey PRIMARY KEY (id);


--
-- TOC entry 4795 (class 2606 OID 16422)
-- Name: faculties faculties_pkey; Type: CONSTRAINT; Schema: public; Owner: postgres
--

ALTER TABLE ONLY public.faculties
    ADD CONSTRAINT faculties_pkey PRIMARY KEY (id);


--
-- TOC entry 4797 (class 2606 OID 16438)
-- Name: internships internships_pkey; Type: CONSTRAINT; Schema: public; Owner: postgres
--

ALTER TABLE ONLY public.internships
    ADD CONSTRAINT internships_pkey PRIMARY KEY (id);


--
-- TOC entry 4807 (class 2606 OID 32776)
-- Name: student_document student_document_pkey; Type: CONSTRAINT; Schema: public; Owner: postgres
--

ALTER TABLE ONLY public.student_document
    ADD CONSTRAINT student_document_pkey PRIMARY KEY (id);


--
-- TOC entry 4799 (class 2606 OID 16449)
-- Name: students students_pkey; Type: CONSTRAINT; Schema: public; Owner: postgres
--

ALTER TABLE ONLY public.students
    ADD CONSTRAINT students_pkey PRIMARY KEY (id);


--
-- TOC entry 4793 (class 2606 OID 16466)
-- Name: companies uk4rg7nqbr5wyh59x7p4eliqfed; Type: CONSTRAINT; Schema: public; Owner: postgres
--

ALTER TABLE ONLY public.companies
    ADD CONSTRAINT uk4rg7nqbr5wyh59x7p4eliqfed UNIQUE (pib);


--
-- TOC entry 4803 (class 2606 OID 16470)
-- Name: users uk6dotkott2kjsp8vw4d0m25fb7; Type: CONSTRAINT; Schema: public; Owner: postgres
--

ALTER TABLE ONLY public.users
    ADD CONSTRAINT uk6dotkott2kjsp8vw4d0m25fb7 UNIQUE (email);


--
-- TOC entry 4801 (class 2606 OID 16468)
-- Name: students ukac5q8rtk8fhbk6mkifrdgdkxj; Type: CONSTRAINT; Schema: public; Owner: postgres
--

ALTER TABLE ONLY public.students
    ADD CONSTRAINT ukac5q8rtk8fhbk6mkifrdgdkxj UNIQUE (index_number);


--
-- TOC entry 4809 (class 2606 OID 32778)
-- Name: student_document ukcxi4fg2ko812rfc82wqnfx1um; Type: CONSTRAINT; Schema: public; Owner: postgres
--

ALTER TABLE ONLY public.student_document
    ADD CONSTRAINT ukcxi4fg2ko812rfc82wqnfx1um UNIQUE (student_id);


--
-- TOC entry 4789 (class 2606 OID 16464)
-- Name: applications ukqg0hqft6iy6fiii7eddmd521l; Type: CONSTRAINT; Schema: public; Owner: postgres
--

ALTER TABLE ONLY public.applications
    ADD CONSTRAINT ukqg0hqft6iy6fiii7eddmd521l UNIQUE (student_id, internship_id);


--
-- TOC entry 4805 (class 2606 OID 16462)
-- Name: users users_pkey; Type: CONSTRAINT; Schema: public; Owner: postgres
--

ALTER TABLE ONLY public.users
    ADD CONSTRAINT users_pkey PRIMARY KEY (id);


--
-- TOC entry 4813 (class 2606 OID 16486)
-- Name: faculties fk4kdlq0j7tmwpm8ordxcim6pjq; Type: FK CONSTRAINT; Schema: public; Owner: postgres
--

ALTER TABLE ONLY public.faculties
    ADD CONSTRAINT fk4kdlq0j7tmwpm8ordxcim6pjq FOREIGN KEY (id) REFERENCES public.users(id);


--
-- TOC entry 4812 (class 2606 OID 16481)
-- Name: companies fk75nyyir60ukpfq5v0v2jl0fri; Type: FK CONSTRAINT; Schema: public; Owner: postgres
--

ALTER TABLE ONLY public.companies
    ADD CONSTRAINT fk75nyyir60ukpfq5v0v2jl0fri FOREIGN KEY (id) REFERENCES public.users(id);


--
-- TOC entry 4815 (class 2606 OID 16496)
-- Name: students fk7xqmtv7r2eb5axni3jm0a80su; Type: FK CONSTRAINT; Schema: public; Owner: postgres
--

ALTER TABLE ONLY public.students
    ADD CONSTRAINT fk7xqmtv7r2eb5axni3jm0a80su FOREIGN KEY (id) REFERENCES public.users(id);


--
-- TOC entry 4810 (class 2606 OID 16476)
-- Name: applications fkbxjuiec753shgoyw6x0l8opn8; Type: FK CONSTRAINT; Schema: public; Owner: postgres
--

ALTER TABLE ONLY public.applications
    ADD CONSTRAINT fkbxjuiec753shgoyw6x0l8opn8 FOREIGN KEY (student_id) REFERENCES public.students(id);


--
-- TOC entry 4814 (class 2606 OID 16491)
-- Name: internships fkkw009ia6w9ui3095scywptogh; Type: FK CONSTRAINT; Schema: public; Owner: postgres
--

ALTER TABLE ONLY public.internships
    ADD CONSTRAINT fkkw009ia6w9ui3095scywptogh FOREIGN KEY (company_id) REFERENCES public.companies(id);


--
-- TOC entry 4811 (class 2606 OID 16471)
-- Name: applications fkri5p2934kv2ivp8vamedymfhi; Type: FK CONSTRAINT; Schema: public; Owner: postgres
--

ALTER TABLE ONLY public.applications
    ADD CONSTRAINT fkri5p2934kv2ivp8vamedymfhi FOREIGN KEY (internship_id) REFERENCES public.internships(id);


--
-- TOC entry 4816 (class 2606 OID 32780)
-- Name: student_document fks8yq5amejfy0njt7m81fs3g1y; Type: FK CONSTRAINT; Schema: public; Owner: postgres
--

ALTER TABLE ONLY public.student_document
    ADD CONSTRAINT fks8yq5amejfy0njt7m81fs3g1y FOREIGN KEY (student_id) REFERENCES public.students(id);


-- Completed on 2026-02-26 14:26:30

--
-- PostgreSQL database dump complete
--

\unrestrict gWk3ckTtlNv72qx93Qlo4e1ItatiMcVtDXFHlVPfcqMe2HTWQzfhNKaOfpQkWV1

